{
  "version": 1,
  "author": "Arthur Fraige",
  "editor": "wokwi",
  "parts": [
    {
      "type": "board-esp32-s2-devkitm-1",
      "id": "esp",
      "top": -112.34,
      "left": -477.06,
      "attrs": {}
    },
    {
      "type": "wokwi-led",
      "id": "led1",
      "top": 71.11,
      "left": -281.54,
      "attrs": { "color": "red" }
    },
    {
      "type": "wokwi-led",
      "id": "led2",
      "top": 72.43,
      "left": -162.28,
      "attrs": { "color": "blue" }
    },
    {
      "type": "wokwi-led",
      "id": "led4",
      "top": -115.01,
      "left": -283.13,
      "attrs": { "color": "yellow" }
    },
    {
      "type": "wokwi-led",
      "id": "led5",
      "top": -112.84,
      "left": -164.74,
      "attrs": { "color": "green" }
    },
    {
      "type": "wokwi-resistor",
      "id": "r1",
      "top": -89.29,
      "left": -341.67,
      "attrs": { "value": "1000" }
    },
    {
      "type": "wokwi-resistor",
      "id": "r2",
      "top": -86.7,
      "left": -222.34,
      "attrs": { "value": "1000" }
    },
    {
      "type": "wokwi-resistor",
      "id": "r3",
      "top": 98.56,
      "left": -341.45,
      "attrs": { "value": "1000" }
    },
    {
      "type": "wokwi-resistor",
      "id": "r4",
      "top": 100.46,
      "left": -223.76,
      "attrs": { "value": "1000" }
    },
    {
      "type": "wokwi-photoresistor-sensor",
      "id": "ldr1",
      "top": -51.19,
      "left": -744.49,
      "attrs": {}
    },
    {
      "type": "wokwi-buzzer",
      "id": "bz1",
      "top": 9.49,
      "left": -572.22,
      "attrs": { "volume": "0.1" }
    },
    {
      "type": "wokwi-pushbutton",
      "id": "btn1",
      "top": -255.03,
      "left": -365.84,
      "attrs": { "color": "green" }
    },
    {
      "type": "wokwi-pushbutton",
      "id": "btn2",
      "top": -204,
      "left": -465.57,
      "attrs": { "color": "yellow" }
    },
    {
      "type": "wokwi-resistor",
      "id": "r5",
      "top": -222.63,
      "left": -571.85,
      "attrs": { "value": "1000" }
    },
    {
      "type": "wokwi-resistor",
      "id": "r6",
      "top": -173.86,
      "left": -569.77,
      "attrs": { "value": "1000" }
    }
  ],
  "connections": [
    [ "esp:TX", "$serialMonitor:RX", "", [] ],
    [ "esp:RX", "$serialMonitor:TX", "", [] ],
    [ "led5:A", "esp:39", "green", [ "v0" ] ],
    [ "led4:A", "esp:40", "green", [ "v0" ] ],
    [ "led2:A", "esp:38", "green", [ "v0" ] ],
    [ "led1:A", "esp:37", "green", [ "v0" ] ],
    [ "r3:2", "led1:C", "green", [ "v0" ] ],
    [ "r4:2", "led2:C", "green", [ "v0" ] ],
    [ "r2:2", "led5:C", "green", [ "v0" ] ],
    [ "r1:2", "led4:C", "green", [ "v0" ] ],
    [ "r1:1", "esp:GND.2", "green", [ "v0" ] ],
    [ "r2:1", "esp:GND.2", "green", [ "v0" ] ],
    [ "r3:1", "esp:GND.2", "green", [ "v0" ] ],
    [ "r4:1", "esp:GND.2", "green", [ "v0" ] ],
    [ "ldr1:GND", "esp:GND.1", "black", [ "h0" ] ],
    [ "ldr1:VCC", "esp:5V", "red", [ "h0" ] ],
    [ "ldr1:DO", "esp:6", "green", [ "h0" ] ],
    [ "bz1:1", "esp:GND.1", "green", [ "v0" ] ],
    [ "bz1:2", "esp:17", "green", [ "v0" ] ],
    [ "btn2:1.l", "esp:GND.2", "green", [ "h84.5", "v136.32" ] ],
    [ "btn1:1.l", "esp:GND.2", "green", [ "h0" ] ],
    [ "btn1:2.r", "esp:2", "green", [ "h0" ] ],
    [ "btn2:2.r", "esp:1", "green", [ "h0" ] ],
    [ "btn2:2.r", "r6:2", "green", [ "h0" ] ],
    [ "r6:1", "esp:5V", "green", [ "v0" ] ],
    [ "btn1:2.r", "r5:2", "green", [ "h0" ] ],
    [ "r5:1", "esp:5V", "green", [ "v0" ] ]
  ]
}