{
  "version": 1,
  "author": "Arthur Fraige",
  "editor": "wokwi",
  "parts": [
    {
      "type": "board-esp32-s2-devkitm-1",
      "id": "esp",
      "top": -112.34,
      "left": -477.06,
      "attrs": {}
    },
    {
      "type": "wokwi-resistor",
      "id": "r1",
      "top": -22.49,
      "left": -372.52,
      "attrs": { "value": "1000" }
    },
    {
      "type": "wokwi-resistor",
      "id": "r2",
      "top": 19.11,
      "left": -367.56,
      "attrs": { "value": "1000" }
    },
    {
      "type": "wokwi-resistor",
      "id": "r3",
      "top": -2.87,
      "left": -369.39,
      "attrs": { "value": "1000" }
    },
    {
      "type": "wokwi-resistor",
      "id": "r4",
      "top": 42.92,
      "left": -366.33,
      "attrs": { "value": "1000" }
    },
    {
      "type": "wokwi-led",
      "id": "led1",
      "top": -53.79,
      "left": -303.53,
      "attrs": { "color": "red" }
    },
    {
      "type": "wokwi-led",
      "id": "led2",
      "top": -20.12,
      "left": -310.17,
      "attrs": { "color": "green" }
    },
    {
      "type": "wokwi-led",
      "id": "led3",
      "top": 9.8,
      "left": -292.46,
      "attrs": { "color": "blue" }
    },
    {
      "type": "wokwi-led",
      "id": "led4",
      "top": 51.31,
      "left": -303.45,
      "attrs": { "color": "yellow" }
    },
    {
      "type": "wokwi-photoresistor-sensor",
      "id": "ldr1",
      "top": 71.83,
      "left": -735.85,
      "attrs": {}
    },
    {
      "type": "wokwi-buzzer",
      "id": "bz1",
      "top": -185.16,
      "left": -566,
      "attrs": { "volume": "0.1" }
    },
    {
      "type": "wokwi-pushbutton",
      "id": "btn1",
      "top": -114.72,
      "left": -640.04,
      "attrs": { "color": "yellow" }
    },
    {
      "type": "wokwi-pushbutton",
      "id": "btn2",
      "top": -48.82,
      "left": -635.62,
      "attrs": { "color": "green" }
    }
  ],
  "connections": [
    [ "esp:TX", "$serialMonitor:RX", "", [] ],
    [ "esp:RX", "$serialMonitor:TX", "", [] ],
    [ "esp:40", "r1:1", "green", [ "h0" ] ],
    [ "esp:39", "r3:1", "green", [ "h0" ] ],
    [ "esp:38", "r2:1", "green", [ "h0" ] ],
    [ "esp:37", "r4:1", "green", [ "h0" ] ],
    [ "r1:2", "led1:C", "green", [ "v0" ] ],
    [ "r3:2", "led2:C", "green", [ "v0" ] ],
    [ "r2:2", "led3:C", "green", [ "v0" ] ],
    [ "r4:2", "led4:C", "green", [ "v0" ] ],
    [ "ldr1:GND", "esp:GND.1", "black", [ "h0" ] ],
    [ "ldr1:VCC", "esp:3V3", "red", [ "h0" ] ],
    [ "ldr1:DO", "esp:6", "green", [ "h0" ] ],
    [ "bz1:2", "esp:3V3", "green", [ "v0" ] ],
    [ "bz1:1", "esp:7", "green", [ "v0" ] ],
    [ "btn1:2.r", "esp:1", "green", [ "h0" ] ],
    [ "btn2:2.r", "esp:2", "green", [ "h0" ] ]
  ]
}