{
  "version": 1,
  "author": "Arthur Fraige",
  "editor": "wokwi",
  "parts": [
    { "type": "board-esp32-s3-devkitc-1", "id": "esp", "top": 0, "left": 0, "attrs": {} },
    {
      "type": "wokwi-led",
      "id": "led1",
      "top": 160.14,
      "left": -141.14,
      "attrs": { "color": "yellow" }
    },
    {
      "type": "wokwi-led",
      "id": "led2",
      "top": 78.44,
      "left": 163.83,
      "attrs": { "color": "blue" }
    },
    {
      "type": "wokwi-led",
      "id": "led3",
      "top": 155.23,
      "left": 239.2,
      "attrs": { "color": "orange" }
    },
    {
      "type": "wokwi-resistor",
      "id": "r1",
      "top": 184.99,
      "left": 185.83,
      "attrs": { "value": "1000" }
    },
    {
      "type": "wokwi-resistor",
      "id": "r2",
      "top": 119.79,
      "left": 105.87,
      "attrs": { "value": "1000" }
    },
    {
      "type": "wokwi-resistor",
      "id": "r3",
      "top": 188.65,
      "left": -91.78,
      "attrs": { "value": "1000" }
    }
  ],
  "connections": [
    [ "esp:TX", "$serialMonitor:RX", "", [] ],
    [ "esp:RX", "$serialMonitor:TX", "", [] ],
    [ "led1:C", "esp:GND.1", "green", [ "v39", "h-1.07" ] ],
    [ "led1:A", "r3:1", "blue", [ "v0" ] ],
    [ "r3:2", "esp:46", "blue", [ "v0" ] ],
    [ "led2:C", "esp:GND.3", "green", [ "v96.08", "h-0.38" ] ],
    [ "led3:C", "esp:GND.4", "green", [ "v0" ] ],
    [ "led3:A", "r1:2", "blue", [ "v0" ] ],
    [ "r1:1", "esp:48", "blue", [ "v-5.61", "h-69.85", "v-25.46" ] ],
    [ "led2:A", "r2:2", "blue", [ "v0" ] ],
    [ "r2:1", "esp:45", "blue", [ "v0" ] ]
  ]
}